Folder,Image,PANEL_POWER_SWITCH_State,PANEL_POWER_SWITCH_left_X,PANEL_POWER_SWITCH_left_Y,PANEL_POWER_SWITCH_right_X,PANEL_POWER_SWITCH_right_Y,PANEL_POWER_COVER_State,PANEL_POWER_COVER_left_X,PANEL_POWER_COVER_left_Y,PANEL_POWER_COVER_right_X,PANEL_POWER_COVER_right_Y,PANEL_POWER_LED_State,PANEL_POWER_LED_left_X,PANEL_POWER_LED_left_Y,PANEL_POWER_LED_right_X,PANEL_POWER_LED_right_Y,A01_ROCKER_SWITCH_State,A01_ROCKER_SWITCH_left_X,A01_ROCKER_SWITCH_left_Y,A01_ROCKER_SWITCH_right_X,A01_ROCKER_SWITCH_right_Y,A01_ROCKER_LED_TOP_State,A01_ROCKER_LED_TOP_left_X,A01_ROCKER_LED_TOP_left_Y,A01_ROCKER_LED_TOP_right_X,A01_ROCKER_LED_TOP_right_Y,A01_ROCKER_LED_BOTTOM_State,A01_ROCKER_LED_BOTTOM_left_X,A01_ROCKER_LED_BOTTOM_left_Y,A01_ROCKER_LED_BOTTOM_right_X,A01_ROCKER_LED_BOTTOM_right_Y,A02_LED_NUM_PAD_A1_State,A02_LED_NUM_PAD_A1_left_X,A02_LED_NUM_PAD_A1_left_Y,A02_LED_NUM_PAD_A1_right_X,A02_LED_NUM_PAD_A1_right_Y,A02_LED_NUM_PAD_A2_State,A02_LED_NUM_PAD_A2_left_X,A02_LED_NUM_PAD_A2_left_Y,A02_LED_NUM_PAD_A2_right_X,A02_LED_NUM_PAD_A2_right_Y,A02_LED_NUM_PAD_A3_State,A02_LED_NUM_PAD_A3_left_X,A02_LED_NUM_PAD_A3_left_Y,A02_LED_NUM_PAD_A3_right_X,A02_LED_NUM_PAD_A3_right_Y,A02_LED_NUM_PAD_B1_State,A02_LED_NUM_PAD_B1_left_X,A02_LED_NUM_PAD_B1_left_Y,A02_LED_NUM_PAD_B1_right_X,A02_LED_NUM_PAD_B1_right_Y,A02_LED_NUM_PAD_B2_State,A02_LED_NUM_PAD_B2_left_X,A02_LED_NUM_PAD_B2_left_Y,A02_LED_NUM_PAD_B2_right_X,A02_LED_NUM_PAD_B2_right_Y,A02_LED_NUM_PAD_B3_State,A02_LED_NUM_PAD_B3_left_X,A02_LED_NUM_PAD_B3_left_Y,A02_LED_NUM_PAD_B3_right_X,A02_LED_NUM_PAD_B3_right_Y,A02_LED_NUM_PAD_C1_State,A02_LED_NUM_PAD_C1_left_X,A02_LED_NUM_PAD_C1_left_Y,A02_LED_NUM_PAD_C1_right_X,A02_LED_NUM_PAD_C1_right_Y,A02_LED_NUM_PAD_C2_State,A02_LED_NUM_PAD_C2_left_X,A02_LED_NUM_PAD_C2_left_Y,A02_LED_NUM_PAD_C2_right_X,A02_LED_NUM_PAD_C2_right_Y,A02_LED_NUM_PAD_C3_State,A02_LED_NUM_PAD_C3_left_X,A02_LED_NUM_PAD_C3_left_Y,A02_LED_NUM_PAD_C3_right_X,A02_LED_NUM_PAD_C3_right_Y,A03_TOGGLE_State,A03_TOGGLE_left_X,A03_TOGGLE_left_Y,A03_TOGGLE_right_X,A03_TOGGLE_right_Y,A03_LED_State,A03_LED_left_X,A03_LED_left_Y,A03_LED_right_X,A03_LED_right_Y,A04_TOGGLE_State,A04_TOGGLE_left_X,A04_TOGGLE_left_Y,A04_TOGGLE_right_X,A04_TOGGLE_right_Y,A04_LED_TOP_State,A04_LED_TOP_left_X,A04_LED_TOP_left_Y,A04_LED_TOP_right_X,A04_LED_TOP_right_Y,A04_LED_BOTTOM_State,A04_LED_BOTTOM_left_X,A04_LED_BOTTOM_left_Y,A04_LED_BOTTOM_right_X,A04_LED_BOTTOM_right_Y,A05_TOGGLE_State,A05_TOGGLE_left_X,A05_TOGGLE_left_Y,A05_TOGGLE_right_X,A05_TOGGLE_right_Y,A05_LED_State,A05_LED_left_X,A05_LED_left_Y,A05_LED_right_X,A05_LED_right_Y
ISS,UGKE.tif,DOWN,1216,962,596,998,UP,1130,925,454,960,OFF,1292,964,667,1002,CENTER,1327,1299,753,1330,OFF,1327,1196,747,1233,HIDDEN,-1,-1,-1,-1,OFF,893,1120,359,1159,OFF,980,1137,433,1173,OFF,1068,1153,514,1190,OFF,914,1190,390,1229,OFF,996,1209,466,1244,OFF,1089,1227,543,1260,OFF,935,1262,425,1297,OFF,1019,1278,497,1314,OFF,1103,1297,574,1328,DOWN,-1,-1,512,1469,OFF,984,1371,489,1403,CENTER,1188,1472,687,1510,OFF,1179,1412,667,1446,OFF,1204,1525,714,1558,UP,1393,1519,873,1556,OFF,1387,1453,857,1487
ISS,LTBP.tif,HIDDEN,-1,-1,-1,-1,DOWN,1185,1054,557,1091,OFF,1292,964,667,1002,CENTER,1327,1299,753,1330,OFF,1327,1196,747,1233,HIDDEN,-1,-1,-1,-1,OFF,893,1120,359,1159,OFF,980,1137,433,1173,OFF,1068,1153,514,1190,OFF,914,1190,390,1229,OFF,996,1209,466,1244,OFF,1089,1227,543,1260,OFF,935,1262,425,1297,OFF,1019,1278,497,1314,OFF,1103,1297,574,1328,DOWN,998,1433,512,1469,OFF,984,1371,489,1403,CENTER,1188,1472,687,1510,OFF,1179,1412,667,1446,OFF,1204,1525,714,1558,UP,1393,1519,873,1556,OFF,1387,1453,857,1487
Sim,TVSM.jpg,HIDDEN,-1,-1,-1,-1,DOWN,1335,409,1082,409,ON,1387,346,1140,345,CENTER,1303,581,1084,582,OFF,1316,523,1094,522,OFF,1275,623,1068,622,OFF,1027,487,814,487,OFF,1088,495,871,494,OFF,1149,501,932,500,OFF,1016,541,810,540,OFF,1074,548,866,548,OFF,1133,554,923,554,OFF,1006,591,805,590,OFF,1061,598,860,596,OFF,1118,606,915,604,DOWN,990,712,804,711,OFF,998,671,809,671,UP,1112,731,924,729,ON,1125,690,933,689,OFF,1100,766,920,767,UP,1239,749,1047,748,ON,1257,708,1060,707
Lab2,GXRT.tif,HIDDEN,-1,-1,-1,-1,DOWN,1372,520,928,518,ON,-1,-1,959,441,CENTER,1313,684,913,674,OFF,1321,607,921,605,HIDDEN,-1,-1,-1,-1,ON,1008,653,580,648,OFF,1080,645,654,640,ON,1148,634,729,629,OFF,990,707,574,700,ON,1063,695,649,694,OFF,1128,685,720,683,OFF,974,758,567,754,ON,1041,746,643,742,ON,1110,736,712,735,UP,950,879,574,875,ON,960,835,574,830,UP,1096,851,729,848,ON,1111,808,734,808,OFF,1078,890,720,887,UP,1238,829,879,825,ON,1253,784,889,781
Sim,YXQV.jpg,UP,899,423,683,423,UP,902,377,654,376,ON,944,415,726,415,UP,954,616,757,617,ON,949,568,751,567,OFF,952,655,765,654,OFF,699,588,504,588,OFF,751,584,556,582,ON,805,577,609,577,ON,709,634,520,633,OFF,760,629,570,628,ON,811,624,621,623,OFF,717,676,534,676,OFF,766,672,583,671,ON,816,667,632,667,UP,744,783,573,782,ON,738,745,564,746,DOWN,855,772,682,773,OFF,851,735,675,737,ON,-1,-1,692,807,DOWN,967,765,793,765,OFF,967,728,788,728
Lab2,VLES.tif,UP,1349,450,910,449,UP,1452,429,974,426,ON,-1,-1,959,441,CENTER,1313,684,913,674,OFF,1321,607,921,605,HIDDEN,-1,-1,-1,-1,ON,1008,653,580,648,ON,1080,645,654,640,OFF,1148,634,729,629,ON,990,707,574,700,ON,1063,695,649,694,ON,1128,685,720,683,ON,974,758,567,754,ON,1041,746,643,742,ON,1110,736,712,735,DOWN,950,879,574,875,OFF,960,835,574,830,UP,1096,851,729,848,ON,1111,808,734,808,OFF,1078,890,720,887,DOWN,1238,829,879,825,OFF,1253,784,889,781
Lab,ZTQB.tif,HIDDEN,-1,-1,-1,-1,DOWN,1487,1182,805,1202,ON,1532,1051,873,1073,CENTER,1464,1409,875,1426,OFF,1470,1299,869,1322,HIDDEN,-1,-1,-1,-1,ON,948,1380,312,1398,ON,1063,1363,437,1385,ON,1179,1343,556,1367,ON,941,1456,328,1478,ON,1057,1440,447,1459,ON,1167,1425,564,1445,ON,939,1535,340,1554,ON,1049,1516,460,1535,ON,1158,1498,575,1517,UP,950,1706,398,1729,ON,950,1640,386,1663,DOWN,1187,1661,651,1684,OFF,1196,1601,643,1620,ON,1173,1715,-1,-1,UP,1415,1620,891,1644,ON,1427,1556,891,1581
Sim,DBBP.jpg,HIDDEN,-1,-1,-1,-1,DOWN,632,898,307,902,ON,688,786,371,788,CENTER,751,985,486,988,OFF,738,925,469,928,HIDDEN,-1,-1,-1,-1,OFF,404,966,141,971,ON,475,958,209,961,ON,547,948,277,951,ON,435,1003,185,1007,OFF,500,994,249,997,ON,567,986,316,989,ON,461,1037,223,1040,OFF,525,1028,286,1033,ON,588,1020,348,1024,DOWN,531,1117,318,1119,OFF,514,1087,293,1090,DOWN,667,1100,452,1103,OFF,653,1070,430,1074,ON,681,1122,474,1125,DOWN,805,1083,588,1088,OFF,796,1053,572,1057
Sim,VRXG.jpg,HIDDEN,-1,-1,-1,-1,DOWN,616,543,277,545,ON,684,442,357,443,CENTER,721,724,446,723,OFF,714,649,433,650,OFF,729,763,471,762,OFF,353,675,69,677,OFF,431,669,147,670,OFF,506,664,225,663,ON,378,735,108,735,OFF,452,730,181,729,OFF,525,724,257,723,OFF,400,788,142,789,OFF,470,785,214,784,ON,542,777,285,778,DOWN,461,914,231,915,OFF,447,871,207,869,UP,611,904,383,904,ON,603,860,364,860,OFF,622,939,402,939,UP,761,892,530,895,ON,755,849,517,847
Lab,ZEGF.tif,HIDDEN,-1,-1,-1,-1,DOWN,1487,1182,805,1202,ON,1532,1051,873,1073,CENTER,1464,1409,875,1426,OFF,1470,1299,869,1322,HIDDEN,-1,-1,-1,-1,OFF,948,1380,312,1398,ON,1063,1363,437,1385,OFF,1179,1343,556,1367,ON,941,1456,328,1478,OFF,1057,1440,447,1459,ON,1167,1425,564,1445,ON,939,1535,340,1554,ON,1049,1516,460,1535,OFF,1158,1498,575,1517,UP,950,1706,398,1729,ON,950,1640,386,1663,DOWN,1187,1661,651,1684,OFF,1196,1601,643,1620,ON,1173,1715,-1,-1,UP,1415,1620,891,1644,ON,1427,1556,891,1581
Sim,DXGS.jpg,UP,1461,351,1185,352,UP,1576,253,1239,254,ON,1532,346,1250,345,CENTER,1462,624,1207,622,OFF,1465,554,1210,554,OFF,1430,674,1188,674,ON,1122,540,881,539,OFF,1194,542,946,542,OFF,1266,543,1016,544,ON,1113,601,878,601,OFF,1183,606,944,605,ON,1251,607,1010,607,ON,1105,659,878,660,OFF,1172,664,940,662,ON,1239,667,1005,666,UP,1095,805,883,804,ON,1105,757,885,756,CENTER,1244,816,1026,815,OFF,1255,764,1032,766,OFF,1234,860,1021,861,UP,1401,829,1177,830,ON,1417,779,1186,778
Lab3,DLZC.tif,UP,899,273,575,271,UP,969,175,634,174,ON,922,279,600,277,CENTER,946,503,621,500,OFF,926,447,604,444,OFF,928,561,605,557,OFF,750,423,387,420,OFF,793,430,438,427,OFF,831,433,487,430,HIDDEN,-1,-1,-1,-1,HIDDEN,-1,-1,-1,-1,ON,832,497,488,493,HIDDEN,-1,-1,-1,-1,ON,796,564,441,557,OFF,834,562,489,557,DOWN,759,740,397,732,OFF,759,675,397,671,CENTER,859,731,515,727,OFF,855,671,514,666,OFF,857,788,516,785,DOWN,941,721,619,718,OFF,939,667,617,662
Lab,FVVS.tif,UP,1189,994,591,1021,UP,1088,965,437,989,ON,1253,998,651,1019,CENTER,1291,1330,745,1352,OFF,1293,1233,737,1254,HIDDEN,-1,-1,-1,-1,OFF,857,1161,344,1184,OFF,943,1177,423,1202,OFF,1034,1190,503,1211,OFF,879,1231,379,1254,OFF,966,1246,456,1270,OFF,1051,1262,536,1287,OFF,900,1301,414,1320,OFF,987,1316,488,1336,OFF,1070,1332,564,1352,UP,966,1467,503,1488,ON,952,1409,484,1429,DOWN,1160,1506,684,1529,OFF,1150,1448,661,1470,ON,1177,1562,710,1583,UP,1365,1554,869,1575,ON,1359,1492,850,1513
Lab,FVSX.tif,HIDDEN,-1,-1,-1,-1,DOWN,1144,1093,540,1116,ON,1253,998,651,1019,CENTER,1291,1330,745,1352,OFF,1293,1233,737,1254,HIDDEN,-1,-1,-1,-1,OFF,857,1161,344,1184,ON,943,1177,423,1202,OFF,1034,1190,503,1211,OFF,879,1231,379,1254,OFF,966,1246,456,1270,ON,1051,1262,536,1287,OFF,900,1301,414,1320,OFF,987,1316,488,1336,OFF,1070,1332,564,1352,DOWN,966,1467,503,1488,OFF,952,1409,484,1429,DOWN,1160,1506,684,1529,OFF,1150,1448,661,1470,ON,1177,1562,710,1583,DOWN,1365,1554,869,1575,OFF,1359,1492,850,1513
Lab2,ALJD.tif,HIDDEN,-1,-1,-1,-1,DOWN,1372,520,928,518,ON,-1,-1,959,441,CENTER,1313,684,913,674,OFF,1321,607,921,605,HIDDEN,-1,-1,-1,-1,ON,1008,653,580,648,OFF,1080,645,654,640,OFF,1148,634,729,629,ON,990,707,574,700,OFF,1063,695,649,694,ON,1128,685,720,683,ON,974,758,567,754,OFF,1041,746,643,742,ON,1110,736,712,735,UP,950,879,574,875,ON,960,835,574,830,CENTER,1096,851,729,848,OFF,1111,808,734,808,OFF,1078,890,720,887,UP,1238,829,879,825,ON,1253,784,889,781
Sim,VPAU.jpg,HIDDEN,-1,-1,-1,-1,DOWN,862,485,547,486,ON,901,383,595,383,CENTER,904,637,651,637,OFF,896,573,638,573,OFF,893,669,660,670,OFF,560,632,285,634,ON,637,618,364,618,ON,707,606,441,606,OFF,577,686,316,687,ON,649,673,391,672,OFF,717,659,464,660,OFF,592,735,346,734,OFF,659,720,416,721,OFF,723,707,484,707,DOWN,636,841,419,843,OFF,625,803,402,804,UP,773,809,562,810,ON,770,773,550,773,OFF,775,840,575,840,UP,905,781,699,779,ON,905,743,690,744
Lab2,RXNQ.tif,UP,1349,450,910,449,UP,1452,429,974,426,ON,-1,-1,959,441,CENTER,1313,684,913,674,OFF,1321,607,921,605,HIDDEN,-1,-1,-1,-1,ON,1008,653,580,648,ON,1080,645,654,640,ON,1148,634,729,629,ON,990,707,574,700,OFF,1063,695,649,694,ON,1128,685,720,683,ON,974,758,567,754,ON,1041,746,643,742,ON,1110,736,712,735,DOWN,950,879,574,875,OFF,960,835,574,830,DOWN,1096,851,729,848,OFF,1111,808,734,808,ON,1078,890,720,887,UP,1238,829,879,825,ON,1253,784,889,781
Lab,EDZR.tif,HIDDEN,-1,-1,-1,-1,DOWN,1144,1093,540,1116,ON,1253,998,651,1019,CENTER,1291,1330,745,1352,OFF,1293,1233,737,1254,HIDDEN,-1,-1,-1,-1,ON,857,1161,344,1184,OFF,943,1177,423,1202,OFF,1034,1190,503,1211,ON,879,1231,379,1254,OFF,966,1246,456,1270,OFF,1051,1262,536,1287,ON,900,1301,414,1320,OFF,987,1316,488,1336,OFF,1070,1332,564,1352,DOWN,966,1467,503,1488,OFF,952,1409,484,1429,CENTER,1160,1506,684,1529,OFF,1150,1448,661,1470,OFF,1177,1562,710,1583,DOWN,1365,1554,869,1575,OFF,1359,1492,850,1513
Lab,AJBB.tif,UP,1189,994,591,1021,UP,1088,965,437,989,ON,1253,998,651,1019,CENTER,1291,1330,745,1352,OFF,1293,1233,737,1254,HIDDEN,-1,-1,-1,-1,OFF,857,1161,344,1184,OFF,943,1177,423,1202,OFF,1034,1190,503,1211,OFF,879,1231,379,1254,OFF,966,1246,456,1270,OFF,1051,1262,536,1287,OFF,900,1301,414,1320,OFF,987,1316,488,1336,OFF,1070,1332,564,1352,UP,966,1467,503,1488,ON,952,1409,484,1429,DOWN,1160,1506,684,1529,OFF,1150,1448,661,1470,ON,1177,1562,710,1583,DOWN,1365,1554,869,1575,OFF,1359,1492,850,1513
Sim,BGML.jpg,UP,714,362,498,361,UP,690,303,441,303,ON,757,353,539,352,CENTER,789,563,593,560,OFF,781,507,583,509,OFF,795,600,608,600,OFF,533,539,338,538,ON,587,530,391,531,ON,639,525,443,525,OFF,549,586,359,587,OFF,599,579,409,581,OFF,650,571,459,573,ON,562,630,380,631,ON,612,623,428,624,OFF,661,618,476,617,DOWN,603,737,432,738,OFF,593,702,417,701,CENTER,712,726,541,727,OFF,705,688,528,688,OFF,721,760,553,761,DOWN,824,714,650,712,OFF,820,676,640,673
Lab3,FKWN.tif,UP,718,329,421,327,UP,762,236,458,232,ON,749,336,455,333,DOWN,750,540,449,534,OFF,745,487,446,486,ON,-1,-1,-1,-1,ON,-1,-1,-1,-1,OFF,562,461,249,455,ON,614,465,305,462,OFF,-1,-1,-1,-1,OFF,559,517,-1,-1,OFF,611,523,300,518,OFF,-1,-1,180,564,OFF,555,576,240,567,OFF,608,580,297,575,DOWN,502,730,177,722,OFF,504,673,182,667,DOWN,628,737,315,734,OFF,632,684,320,677,ON,628,794,310,787,DOWN,745,745,444,739,OFF,749,695,448,687
Lab,ZUHN.tif,HIDDEN,-1,-1,-1,-1,DOWN,1144,1093,540,1116,ON,1253,998,651,1019,CENTER,1291,1330,745,1352,OFF,1293,1233,737,1254,HIDDEN,-1,-1,-1,-1,OFF,857,1161,344,1184,ON,943,1177,423,1202,OFF,1034,1190,503,1211,OFF,879,1231,379,1254,OFF,966,1246,456,1270,ON,1051,1262,536,1287,ON,900,1301,414,1320,OFF,987,1316,488,1336,OFF,1070,1332,564,1352,DOWN,966,1467,503,1488,OFF,952,1409,484,1429,UP,1160,1506,684,1529,ON,1150,1448,661,1470,OFF,1177,1562,710,1583,DOWN,1365,1554,869,1575,OFF,1359,1492,850,1513
Lab2,GAEY.tif,HIDDEN,-1,-1,-1,-1,DOWN,1372,520,928,518,ON,-1,-1,959,441,CENTER,1313,684,913,674,OFF,1321,607,921,605,HIDDEN,-1,-1,-1,-1,ON,1008,653,580,648,OFF,1080,645,654,640,OFF,1148,634,729,629,ON,990,707,574,700,ON,1063,695,649,694,ON,1128,685,720,683,OFF,974,758,567,754,ON,1041,746,643,742,OFF,1110,736,712,735,DOWN,950,879,574,875,OFF,960,835,574,830,DOWN,1096,851,729,848,OFF,1111,808,734,808,ON,1078,890,720,887,DOWN,1238,829,879,825,OFF,1253,784,889,781
Lab2,CFPH.tif,UP,1349,450,910,449,UP,1452,429,974,426,ON,-1,-1,959,441,CENTER,1313,684,913,674,OFF,1321,607,921,605,HIDDEN,-1,-1,-1,-1,ON,1008,653,580,648,ON,1080,645,654,640,ON,1148,634,729,629,ON,990,707,574,700,OFF,1063,695,649,694,OFF,1128,685,720,683,ON,974,758,567,754,OFF,1041,746,643,742,OFF,1110,736,712,735,DOWN,950,879,574,875,OFF,960,835,574,830,DOWN,1096,851,729,848,OFF,1111,808,734,808,ON,1078,890,720,887,DOWN,1238,829,879,825,OFF,1253,784,889,781
Lab3,KOQL.tif,UP,1029,367,606,365,UP,1115,250,670,246,ON,1062,367,647,361,CENTER,1083,654,673,653,OFF,1063,584,653,579,OFF,1063,723,660,720,OFF,796,619,333,612,ON,860,610,409,605,OFF,920,600,481,596,ON,795,704,338,695,OFF,861,692,413,685,ON,921,680,483,676,OFF,799,786,342,779,ON,862,773,416,765,OFF,922,759,488,755,DOWN,815,997,370,990,OFF,811,924,361,917,CENTER,956,953,533,949,OFF,951,885,530,879,OFF,954,1026,537,1019,DOWN,1078,915,681,912,OFF,1076,851,678,845
Lab3,ZDSC.tif,UP,1035,338,732,337,UP,1072,242,760,239,ON,1065,342,764,339,CENTER,1097,543,788,542,OFF,1080,496,777,494,OFF,1090,600,785,596,OFF,-1,-1,-1,-1,ON,-1,-1,-1,-1,OFF,957,495,642,488,HIDDEN,-1,-1,-1,-1,HIDDEN,-1,-1,-1,-1,OFF,961,548,644,545,HIDDEN,-1,-1,-1,-1,ON,917,608,597,603,OFF,967,606,650,604,UP,888,770,560,766,ON,882,713,554,707,CENTER,1004,760,686,757,OFF,998,704,684,700,OFF,1008,814,690,808,UP,1116,755,811,749,ON,1110,698,805,695
Lab2,NZTD.tif,UP,1349,450,910,449,UP,1452,429,974,426,ON,-1,-1,959,441,CENTER,1313,684,913,674,OFF,1321,607,921,605,HIDDEN,-1,-1,-1,-1,ON,1008,653,580,648,OFF,1080,645,654,640,OFF,1148,634,729,629,ON,990,707,574,700,OFF,1063,695,649,694,ON,1128,685,720,683,ON,974,758,567,754,OFF,1041,746,643,742,OFF,1110,736,712,735,UP,950,879,574,875,ON,960,835,574,830,DOWN,1096,851,729,848,OFF,1111,808,734,808,ON,1078,890,720,887,UP,1238,829,879,825,ON,1253,784,889,781
Lab3,XGEC.tif,UP,1066,502,704,497,UP,1123,389,744,406,ON,1101,508,744,504,UP,1115,755,748,751,ON,1101,695,738,693,OFF,1100,823,736,819,OFF,832,668,437,663,OFF,893,674,505,670,OFF,952,679,573,673,OFF,828,741,435,735,OFF,892,746,504,740,OFF,951,749,571,744,OFF,827,814,430,808,ON,890,816,499,811,OFF,951,819,566,813,DOWN,831,1013,432,1006,OFF,834,944,433,936,CENTER,978,1011,594,1006,OFF,979,943,597,938,OFF,977,1080,591,1075,DOWN,1111,1007,742,1002,OFF,1113,943,746,938
Lab3,XZGB.tif,UP,1506,629,1151,632,UP,1485,520,1118,518,ON,1557,629,1197,627,CENTER,1573,882,1199,884,OFF,1569,816,1203,817,OFF,1576,948,1208,947,OFF,1257,825,916,823,OFF,1319,824,973,824,ON,1384,819,1032,818,OFF,1261,887,917,885,OFF,1323,887,974,886,ON,1386,886,1032,885,OFF,1262,952,916,951,OFF,1325,953,974,951,ON,1390,952,1034,951,DOWN,1281,1123,928,1122,OFF,1278,1066,928,1063,CENTER,1439,1130,1076,1131,OFF,1434,1070,1072,1068,OFF,1440,1195,1072,1195,DOWN,1600,1136,1227,1135,OFF,1597,1071,1225,1072
Lab3,FSUD.tif,UP,1440,208,1101,207,UP,1428,89,1079,88,ON,1486,205,1147,203,CENTER,1503,431,1151,426,OFF,1501,375,1155,372,OFF,1509,493,1158,493,OFF,1201,403,868,401,OFF,1262,397,927,394,ON,1324,390,987,388,OFF,1203,462,870,460,OFF,1266,456,929,454,ON,1327,450,987,448,ON,1205,522,870,520,OFF,1267,517,929,515,OFF,1331,511,989,509,DOWN,1224,684,882,681,OFF,1222,629,883,624,DOWN,1378,676,1029,676,OFF,1374,618,1026,615,ON,1381,741,1029,739,DOWN,1539,665,1180,666,OFF,1535,606,1178,604
Lab2,PBHG.tif,UP,1349,450,910,449,UP,1452,429,974,426,ON,-1,-1,959,441,CENTER,1313,684,913,674,OFF,1321,607,921,605,HIDDEN,-1,-1,-1,-1,ON,1008,653,580,648,OFF,1080,645,654,640,OFF,1148,634,729,629,OFF,990,707,574,700,OFF,1063,695,649,694,OFF,1128,685,720,683,OFF,974,758,567,754,ON,1041,746,643,742,ON,1110,736,712,735,UP,950,879,574,875,ON,960,835,574,830,UP,1096,851,729,848,ON,1111,808,734,808,OFF,1078,890,720,887,UP,1238,829,879,825,ON,1253,784,889,781
Lab3,LITW.tif,UP,999,290,660,289,UP,1061,183,712,181,ON,1027,296,694,294,CENTER,1040,528,698,523,OFF,1026,472,688,467,OFF,1023,590,683,585,OFF,793,433,422,427,OFF,846,436,483,432,ON,899,447,544,443,ON,-1,-1,-1,-1,OFF,844,503,481,500,OFF,899,514,542,509,HIDDEN,-1,-1,-1,-1,OFF,-1,-1,476,565,OFF,896,579,538,576,DOWN,792,752,416,745,OFF,792,687,419,682,CENTER,917,757,559,752,OFF,918,693,561,690,OFF,916,821,559,815,DOWN,1032,758,690,754,OFF,1033,699,694,696
Lab,FQHT.tif,HIDDEN,-1,-1,-1,-1,DOWN,1144,1093,540,1116,ON,1253,998,651,1019,CENTER,1291,1330,745,1352,OFF,1293,1233,737,1254,HIDDEN,-1,-1,-1,-1,ON,857,1161,344,1184,OFF,943,1177,423,1202,ON,1034,1190,503,1211,OFF,879,1231,379,1254,ON,966,1246,456,1270,OFF,1051,1262,536,1287,ON,900,1301,414,1320,OFF,987,1316,488,1336,ON,1070,1332,564,1352,DOWN,966,1467,503,1488,OFF,952,1409,484,1429,CENTER,1160,1506,684,1529,OFF,1150,1448,661,1470,OFF,1177,1562,710,1583,DOWN,1365,1554,869,1575,OFF,1359,1492,850,1513
Lab2,ZMXP.tif,UP,1349,450,910,449,UP,1452,429,974,426,ON,-1,-1,959,441,CENTER,1313,684,913,674,OFF,1321,607,921,605,HIDDEN,-1,-1,-1,-1,ON,1008,653,580,648,ON,1080,645,654,640,ON,1148,634,729,629,ON,990,707,574,700,OFF,1063,695,649,694,OFF,1128,685,720,683,ON,974,758,567,754,OFF,1041,746,643,742,ON,1110,736,712,735,DOWN,950,879,574,875,OFF,960,835,574,830,DOWN,1096,851,729,848,OFF,1111,808,734,808,ON,1078,890,720,887,DOWN,1238,829,879,825,OFF,1253,784,889,781
Lab2,DKVW.tif,UP,1349,450,910,449,UP,1452,429,974,426,ON,-1,-1,959,441,CENTER,1313,684,913,674,OFF,1321,607,921,605,HIDDEN,-1,-1,-1,-1,OFF,1008,653,580,648,ON,1080,645,654,640,ON,1148,634,729,629,ON,990,707,574,700,ON,1063,695,649,694,ON,1128,685,720,683,ON,974,758,567,754,ON,1041,746,643,742,ON,1110,736,712,735,UP,950,879,574,875,ON,960,835,574,830,UP,1096,851,729,848,ON,1111,808,734,808,OFF,1078,890,720,887,UP,1238,829,879,825,ON,1253,784,889,781
Lab,QUEG.tif,HIDDEN,-1,-1,-1,-1,DOWN,906,1107,295,1130,OFF,1018,1006,410,1032,CENTER,1072,1345,513,1361,OFF,1065,1244,507,1262,HIDDEN,-1,-1,-1,-1,OFF,623,1186,102,1202,OFF,712,1198,180,1219,OFF,803,1208,264,1229,OFF,648,1256,141,1276,OFF,737,1270,219,1289,OFF,826,1285,301,1305,OFF,673,1322,178,1346,OFF,757,1337,256,1357,OFF,846,1351,336,1371,DOWN,747,1489,281,1511,OFF,731,1432,256,1453,CENTER,943,1523,464,1544,OFF,931,1467,439,1486,OFF,962,1578,490,1599,DOWN,1150,1562,653,1585,OFF,1142,1500,634,1521
Sim,HXKS.jpg,HIDDEN,-1,-1,-1,-1,DOWN,1084,581,954,582,ON,1121,547,990,548,CENTER,1094,659,973,659,OFF,1101,631,979,631,OFF,1089,679,973,681,OFF,949,593,835,594,OFF,979,600,865,601,ON,1011,608,895,609,OFF,946,619,835,618,ON,976,626,863,627,ON,1007,634,893,634,OFF,944,643,834,643,OFF,973,651,862,650,OFF,1002,658,892,657,DOWN,940,707,837,706,OFF,945,685,839,685,UP,1007,725,900,724,ON,1012,704,904,704,OFF,1004,745,900,744,UP,1079,745,969,745,ON,1085,724,973,723
Sim,WQQJ.jpg,UP,727,197,363,197,UP,731,17,258,15,ON,799,179,436,178,CENTER,843,539,528,538,OFF,826,453,509,453,OFF,840,601,549,600,ON,402,520,58,521,ON,498,502,162,503,ON,592,489,260,488,OFF,432,604,103,605,ON,522,587,201,588,ON,611,570,294,571,ON,455,681,142,682,OFF,543,663,233,663,ON,627,648,325,648,UP,527,858,244,860,ON,510,798,216,800,UP,707,816,435,816,ON,697,757,416,756,OFF,717,869,458,868,UP,876,779,614,777,ON,870,718,599,718
Lab,WLHI.tif,HIDDEN,-1,-1,-1,-1,DOWN,1487,1182,805,1202,ON,1532,1051,873,1073,CENTER,1464,1409,875,1426,OFF,1470,1299,869,1322,HIDDEN,-1,-1,-1,-1,ON,948,1380,312,1398,ON,1063,1363,437,1385,ON,1179,1343,556,1367,OFF,941,1456,328,1478,OFF,1057,1440,447,1459,OFF,1167,1425,564,1445,OFF,939,1535,340,1554,OFF,1049,1516,460,1535,OFF,1158,1498,575,1517,UP,950,1706,398,1729,ON,950,1640,386,1663,CENTER,1187,1661,651,1684,OFF,1196,1601,643,1620,OFF,1173,1715,-1,-1,DOWN,1415,1620,891,1644,OFF,1427,1556,891,1581
Lab,GHDF.tif,UP,1189,994,591,1021,UP,1088,965,437,989,ON,1253,998,651,1019,CENTER,1291,1330,745,1352,OFF,1293,1233,737,1254,HIDDEN,-1,-1,-1,-1,ON,857,1161,344,1184,OFF,943,1177,423,1202,OFF,1034,1190,503,1211,ON,879,1231,379,1254,OFF,966,1246,456,1270,OFF,1051,1262,536,1287,OFF,900,1301,414,1320,ON,987,1316,488,1336,OFF,1070,1332,564,1352,DOWN,966,1467,503,1488,OFF,952,1409,484,1429,CENTER,1160,1506,684,1529,OFF,1150,1448,661,1470,OFF,1177,1562,710,1583,DOWN,1365,1554,869,1575,OFF,1359,1492,850,1513
Lab,FBQH.tif,HIDDEN,-1,-1,-1,-1,DOWN,1487,1182,805,1202,ON,1532,1051,873,1073,CENTER,1464,1409,875,1426,OFF,1470,1299,869,1322,HIDDEN,-1,-1,-1,-1,ON,948,1380,312,1398,ON,1063,1363,437,1385,OFF,1179,1343,556,1367,OFF,941,1456,328,1478,OFF,1057,1440,447,1459,OFF,1167,1425,564,1445,OFF,939,1535,340,1554,OFF,1049,1516,460,1535,OFF,1158,1498,575,1517,DOWN,950,1706,398,1729,OFF,950,1640,386,1663,CENTER,1187,1661,651,1684,OFF,1196,1601,643,1620,OFF,1173,1715,-1,-1,DOWN,1415,1620,891,1644,OFF,1427,1556,891,1581
Lab2,XDOC.tif,UP,1349,450,910,449,UP,1452,429,974,426,ON,-1,-1,959,441,CENTER,1313,684,913,674,OFF,1321,607,921,605,HIDDEN,-1,-1,-1,-1,ON,1008,653,580,648,ON,1080,645,654,640,ON,1148,634,729,629,ON,990,707,574,700,ON,1063,695,649,694,OFF,1128,685,720,683,ON,974,758,567,754,OFF,1041,746,643,742,ON,1110,736,712,735,DOWN,950,879,574,875,OFF,960,835,574,830,UP,1096,851,729,848,ON,1111,808,734,808,OFF,1078,890,720,887,DOWN,1238,829,879,825,OFF,1253,784,889,781
Sim,PJEG.jpg,UP,621,400,255,400,UP,572,303,96,300,ON,693,385,324,386,DOWN,737,716,426,718,OFF,726,630,413,631,ON,742,757,455,759,OFF,314,669,1,672,ON,404,658,85,661,ON,493,649,175,651,OFF,347,738,40,738,OFF,430,729,125,729,OFF,514,721,212,721,ON,372,801,81,802,OFF,453,792,162,793,OFF,531,782,243,784,UP,442,948,181,947,ON,425,897,157,897,UP,611,926,355,927,ON,601,877,335,877,OFF,625,968,378,968,UP,778,905,523,907,ON,773,857,509,857
Lab3,MVRN.tif,UP,1050,707,823,707,UP,1057,646,826,643,ON,1078,710,853,707,CENTER,1077,869,846,863,OFF,1076,826,848,824,OFF,1073,907,844,904,OFF,881,818,653,815,ON,922,820,695,816,OFF,965,820,738,818,ON,879,859,651,855,ON,922,860,694,856,ON,962,863,736,858,ON,877,902,651,896,ON,920,904,692,897,OFF,960,905,734,900,DOWN,881,1015,654,1010,OFF,882,975,655,969,CENTER,982,1022,751,1016,OFF,982,980,753,974,OFF,979,1059,749,1055,DOWN,1079,1021,851,1019,OFF,1080,981,853,979
Lab2,WGHL.tif,UP,1349,450,910,449,UP,1452,429,974,426,ON,-1,-1,959,441,CENTER,1313,684,913,674,OFF,1321,607,921,605,HIDDEN,-1,-1,-1,-1,ON,1008,653,580,648,ON,1080,645,654,640,ON,1148,634,729,629,ON,990,707,574,700,ON,1063,695,649,694,OFF,1128,685,720,683,OFF,974,758,567,754,ON,1041,746,643,742,ON,1110,736,712,735,DOWN,950,879,574,875,OFF,960,835,574,830,UP,1096,851,729,848,ON,1111,808,734,808,OFF,1078,890,720,887,UP,1238,829,879,825,ON,1253,784,889,781
Sim,YVIH.jpg,UP,1122,268,911,267,UP,1161,183,917,183,ON,1168,261,956,260,UP,1152,476,952,477,ON,1150,428,952,428,OFF,1139,528,949,526,OFF,895,434,701,433,ON,948,431,754,431,ON,1002,429,807,430,ON,894,484,706,484,ON,946,484,757,483,OFF,1000,483,810,482,OFF,895,535,710,534,OFF,946,534,761,533,ON,999,532,811,532,DOWN,902,658,728,659,OFF,904,617,726,616,UP,1018,659,842,656,ON,1022,615,843,615,OFF,1016,697,844,698,UP,1136,657,959,656,ON,1141,613,960,612
ISS,BHXG.tif,HIDDEN,-1,-1,-1,-1,DOWN,1185,1054,557,1091,OFF,1292,964,667,1002,CENTER,1327,1299,753,1330,OFF,1327,1196,747,1233,HIDDEN,-1,-1,-1,-1,OFF,893,1120,359,1159,OFF,980,1137,433,1173,OFF,1068,1153,514,1190,OFF,914,1190,390,1229,OFF,996,1209,466,1244,OFF,1089,1227,543,1260,OFF,935,1262,425,1297,OFF,1019,1278,497,1314,OFF,1103,1297,574,1328,DOWN,998,1433,512,1469,OFF,984,1371,489,1403,CENTER,1188,1472,687,1510,OFF,1179,1412,667,1446,OFF,1204,1525,714,1558,UP,1393,1519,873,1556,OFF,1387,1453,857,1487
Lab2,UHRN.tif,UP,1349,450,910,449,UP,1452,429,974,426,ON,-1,-1,959,441,CENTER,1313,684,913,674,OFF,1321,607,921,605,HIDDEN,-1,-1,-1,-1,OFF,1008,653,580,648,ON,1080,645,654,640,ON,1148,634,729,629,ON,990,707,574,700,OFF,1063,695,649,694,ON,1128,685,720,683,ON,974,758,567,754,OFF,1041,746,643,742,ON,1110,736,712,735,UP,950,879,574,875,ON,960,835,574,830,CENTER,1096,851,729,848,OFF,1111,808,734,808,OFF,1078,890,720,887,UP,1238,829,879,825,ON,1253,784,889,781
Lab,WZOK.tif,HIDDEN,-1,-1,-1,-1,DOWN,1144,1093,540,1116,ON,1253,998,651,1019,CENTER,1291,1330,745,1352,OFF,1293,1233,737,1254,HIDDEN,-1,-1,-1,-1,OFF,857,1161,344,1184,ON,943,1177,423,1202,OFF,1034,1190,503,1211,ON,879,1231,379,1254,OFF,966,1246,456,1270,OFF,1051,1262,536,1287,OFF,900,1301,414,1320,OFF,987,1316,488,1336,ON,1070,1332,564,1352,DOWN,966,1467,503,1488,OFF,952,1409,484,1429,CENTER,1160,1506,684,1529,OFF,1150,1448,661,1470,OFF,1177,1562,710,1583,DOWN,1365,1554,869,1575,OFF,1359,1492,850,1513
Lab,LIJZ.tif,DOWN,1189,994,591,1021,UP,1088,965,437,989,OFF,1253,998,651,1019,CENTER,1291,1330,745,1352,OFF,1293,1233,737,1254,HIDDEN,-1,-1,-1,-1,OFF,857,1161,344,1184,OFF,943,1177,423,1202,OFF,1034,1190,503,1211,OFF,879,1231,379,1254,OFF,966,1246,456,1270,OFF,1051,1262,536,1287,OFF,900,1301,414,1320,OFF,987,1316,488,1336,OFF,1070,1332,564,1352,DOWN,966,1467,503,1488,OFF,952,1409,484,1429,CENTER,1160,1506,684,1529,OFF,1150,1448,661,1470,OFF,1177,1562,710,1583,DOWN,1365,1554,869,1575,OFF,1359,1492,850,1513
Lab3,MLGD.tif,UP,80,136,-1,-1,UP,130,24,-1,-1,ON,120,149,-1,-1,CENTER,117,386,-1,-1,OFF,109,327,-1,-1,OFF,104,449,-1,-1,HIDDEN,-1,-1,-1,-1,HIDDEN,-1,-1,-1,-1,HIDDEN,-1,-1,-1,-1,HIDDEN,-1,-1,-1,-1,HIDDEN,-1,-1,-1,-1,HIDDEN,-1,-1,-1,-1,HIDDEN,-1,-1,-1,-1,HIDDEN,-1,-1,-1,-1,HIDDEN,-1,-1,-1,-1,HIDDEN,-1,-1,-1,-1,HIDDEN,-1,-1,-1,-1,HIDDEN,-1,-1,-1,-1,HIDDEN,-1,-1,-1,-1,HIDDEN,-1,-1,-1,-1,UP,108,628,-1,-1,ON,112,566,-1,-1
Lab,MQMY.tif,UP,1189,994,591,1021,UP,1088,965,437,989,ON,1253,998,651,1019,CENTER,1291,1330,745,1352,OFF,1293,1233,737,1254,HIDDEN,-1,-1,-1,-1,OFF,857,1161,344,1184,OFF,943,1177,423,1202,OFF,1034,1190,503,1211,OFF,879,1231,379,1254,OFF,966,1246,456,1270,OFF,1051,1262,536,1287,OFF,900,1301,414,1320,OFF,987,1316,488,1336,OFF,1070,1332,564,1352,DOWN,966,1467,503,1488,OFF,952,1409,484,1429,DOWN,1160,1506,684,1529,OFF,1150,1448,661,1470,ON,1177,1562,710,1583,DOWN,1365,1554,869,1575,OFF,1359,1492,850,1513
Lab2,CORT.tif,HIDDEN,-1,-1,-1,-1,DOWN,1372,520,928,518,ON,-1,-1,959,441,CENTER,1313,684,913,674,OFF,1321,607,921,605,HIDDEN,-1,-1,-1,-1,ON,1008,653,580,648,ON,1080,645,654,640,OFF,1148,634,729,629,OFF,990,707,574,700,ON,1063,695,649,694,ON,1128,685,720,683,ON,974,758,567,754,ON,1041,746,643,742,ON,1110,736,712,735,UP,950,879,574,875,ON,960,835,574,830,CENTER,1096,851,729,848,OFF,1111,808,734,808,OFF,1078,890,720,887,DOWN,1238,829,879,825,OFF,1253,784,889,781
Lab3,HTOG.tif,UP,1105,309,767,308,UP,1123,202,770,199,ON,1150,313,812,310,CENTER,1146,551,803,548,OFF,1145,491,804,488,OFF,1140,609,803,607,OFF,849,476,511,472,ON,912,480,573,476,OFF,976,481,636,477,OFF,846,539,508,536,ON,910,542,571,539,OFF,973,543,634,540,ON,845,603,505,599,ON,909,606,569,601,ON,972,607,632,604,DOWN,851,771,509,765,OFF,853,713,514,707,DOWN,1002,777,660,772,OFF,1002,718,662,715,ON,998,837,659,833,DOWN,1151,780,809,776,OFF,1151,723,811,720
Lab,SYKR.tif,HIDDEN,-1,-1,-1,-1,DOWN,1144,1093,540,1116,ON,1253,998,651,1019,CENTER,1291,1330,745,1352,OFF,1293,1233,737,1254,HIDDEN,-1,-1,-1,-1,ON,857,1161,344,1184,ON,943,1177,423,1202,OFF,1034,1190,503,1211,ON,879,1231,379,1254,OFF,966,1246,456,1270,OFF,1051,1262,536,1287,OFF,900,1301,414,1320,OFF,987,1316,488,1336,OFF,1070,1332,564,1352,DOWN,966,1467,503,1488,OFF,952,1409,484,1429,CENTER,1160,1506,684,1529,OFF,1150,1448,661,1470,OFF,1177,1562,710,1583,DOWN,1365,1554,869,1575,OFF,1359,1492,850,1513
Lab2,RAPC.tif,UP,1446,456,1004,455,UP,1553,437,1076,436,ON,-1,-1,1054,448,CENTER,1401,685,1005,684,OFF,1413,614,1010,612,HIDDEN,-1,-1,-1,-1,ON,1096,654,667,651,ON,1168,646,743,644,ON,1236,635,818,633,ON,1078,708,662,705,OFF,1149,699,736,698,OFF,1216,692,809,689,ON,1061,760,658,756,OFF,1130,749,729,749,OFF,1196,740,800,739,DOWN,1033,880,658,876,OFF,1045,836,659,833,DOWN,1184,855,815,854,OFF,1196,813,820,811,ON,1162,893,804,891,DOWN,1323,832,965,833,OFF,1340,790,976,790
Lab3,VMZG.tif,UP,1167,239,831,238,UP,1190,123,842,121,ON,1208,245,873,242,DOWN,1222,469,874,470,OFF,1216,415,873,414,ON,1217,535,873,533,ON,921,401,577,398,OFF,985,403,639,401,OFF,1049,406,704,403,ON,922,463,575,461,OFF,985,467,638,462,OFF,1049,467,703,466,ON,922,528,572,523,OFF,985,529,637,526,OFF,1050,531,701,527,DOWN,934,702,578,692,OFF,933,640,580,635,CENTER,1085,706,734,699,OFF,1086,642,734,639,OFF,1086,764,732,762,DOWN,1235,704,887,702,OFF,1235,646,888,643
Lab,HFBC.tif,HIDDEN,-1,-1,-1,-1,DOWN,1144,1093,540,1116,ON,1253,998,651,1019,CENTER,1291,1330,745,1352,OFF,1293,1233,737,1254,HIDDEN,-1,-1,-1,-1,OFF,857,1161,344,1184,ON,943,1177,423,1202,OFF,1034,1190,503,1211,ON,879,1231,379,1254,ON,966,1246,456,1270,ON,1051,1262,536,1287,OFF,900,1301,414,1320,OFF,987,1316,488,1336,OFF,1070,1332,564,1352,DOWN,966,1467,503,1488,OFF,952,1409,484,1429,CENTER,1160,1506,684,1529,OFF,1150,1448,661,1470,OFF,1177,1562,710,1583,UP,1365,1554,869,1575,ON,1359,1492,850,1513
Lab2,VGMR.tif,UP,1349,450,910,449,UP,1452,429,974,426,ON,-1,-1,959,441,CENTER,1313,684,913,674,OFF,1321,607,921,605,HIDDEN,-1,-1,-1,-1,OFF,1008,653,580,648,ON,1080,645,654,640,ON,1148,634,729,629,ON,990,707,574,700,OFF,1063,695,649,694,ON,1128,685,720,683,ON,974,758,567,754,ON,1041,746,643,742,ON,1110,736,712,735,UP,950,879,574,875,ON,960,835,574,830,CENTER,1096,851,729,848,OFF,1111,808,734,808,OFF,1078,890,720,887,DOWN,1238,829,879,825,OFF,1253,784,889,781
Lab,SMKM.tif,HIDDEN,-1,-1,-1,-1,DOWN,1144,1093,540,1116,ON,1253,998,651,1019,CENTER,1291,1330,745,1352,OFF,1293,1233,737,1254,HIDDEN,-1,-1,-1,-1,OFF,857,1161,344,1184,ON,943,1177,423,1202,OFF,1034,1190,503,1211,ON,879,1231,379,1254,ON,966,1246,456,1270,ON,1051,1262,536,1287,OFF,900,1301,414,1320,OFF,987,1316,488,1336,OFF,1070,1332,564,1352,DOWN,966,1467,503,1488,OFF,952,1409,484,1429,DOWN,1160,1506,684,1529,OFF,1150,1448,661,1470,ON,1177,1562,710,1583,DOWN,1365,1554,869,1575,OFF,1359,1492,850,1513
Lab,OWNI.tif,HIDDEN,-1,-1,-1,-1,DOWN,1487,1182,805,1202,ON,1532,1051,873,1073,CENTER,1464,1409,875,1426,OFF,1470,1299,869,1322,HIDDEN,-1,-1,-1,-1,ON,948,1380,312,1398,ON,1063,1363,437,1385,ON,1179,1343,556,1367,ON,941,1456,328,1478,ON,1057,1440,447,1459,ON,1167,1425,564,1445,ON,939,1535,340,1554,ON,1049,1516,460,1535,ON,1158,1498,575,1517,UP,950,1706,398,1729,ON,950,1640,386,1663,UP,1187,1661,651,1684,ON,1196,1601,643,1620,OFF,1173,1715,-1,-1,UP,1415,1620,891,1644,ON,1427,1556,891,1581
Lab3,CFJD.tif,UP,1266,336,872,332,UP,1205,216,798,210,ON,1316,329,913,326,CENTER,1302,610,894,607,OFF,1316,537,912,537,OFF,1318,681,913,679,HIDDEN,-1,-1,-1,-1,HIDDEN,-1,-1,-1,-1,ON,1153,545,778,543,HIDDEN,-1,-1,-1,-1,ON,1102,614,-1,-1,ON,1155,619,777,615,HIDDEN,-1,-1,-1,-1,HIDDEN,-1,-1,-1,-1,OFF,1156,680,-1,-1,DOWN,1060,858,703,863,HIDDEN,-1,-1,-1,-1,CENTER,1188,876,801,873,OFF,1190,808,805,807,OFF,1189,941,804,939,DOWN,1333,891,922,884,OFF,1333,815,923,815
Lab2,QVZT.tif,HIDDEN,-1,-1,-1,-1,DOWN,1372,520,928,518,ON,-1,-1,959,441,CENTER,1313,684,913,674,OFF,1321,607,921,605,HIDDEN,-1,-1,-1,-1,ON,1008,653,580,648,OFF,1080,645,654,640,ON,1148,634,729,629,OFF,990,707,574,700,ON,1063,695,649,694,ON,1128,685,720,683,ON,974,758,567,754,ON,1041,746,643,742,ON,1110,736,712,735,UP,950,879,574,875,ON,960,835,574,830,DOWN,1096,851,729,848,OFF,1111,808,734,808,ON,1078,890,720,887,DOWN,1238,829,879,825,OFF,1253,784,889,781
Sim,TDAB.jpg,UP,1273,396,1018,395,UP,1348,329,1046,328,ON,1330,398,1074,399,DOWN,1244,642,1016,643,OFF,1258,579,1028,578,ON,1218,680,1001,679,OFF,962,528,742,527,OFF,1024,537,800,538,OFF,1085,547,860,546,OFF,951,582,738,582,ON,1011,592,794,590,OFF,1069,601,853,601,OFF,940,631,733,632,ON,998,642,788,643,OFF,1055,653,844,653,UP,923,758,732,759,ON,933,715,737,716,CENTER,1051,782,854,783,OFF,1063,740,862,740,OFF,1038,818,849,819,UP,1180,808,983,807,ON,1197,766,994,766
Lab,YZKH.tif,UP,1189,994,591,1021,UP,1088,965,437,989,ON,1253,998,651,1019,CENTER,1291,1330,745,1352,OFF,1293,1233,737,1254,HIDDEN,-1,-1,-1,-1,ON,857,1161,344,1184,OFF,943,1177,423,1202,OFF,1034,1190,503,1211,ON,879,1231,379,1254,OFF,966,1246,456,1270,OFF,1051,1262,536,1287,OFF,900,1301,414,1320,OFF,987,1316,488,1336,OFF,1070,1332,564,1352,DOWN,966,1467,503,1488,OFF,952,1409,484,1429,CENTER,1160,1506,684,1529,OFF,1150,1448,661,1470,OFF,1177,1562,710,1583,DOWN,1365,1554,869,1575,OFF,1359,1492,850,1513
Lab2,MBUJ.tif,UP,-1,-1,1339,481,UP,-1,-1,1423,466,ON,-1,-1,1394,475,CENTER,-1,-1,1324,712,OFF,-1,-1,1333,644,HIDDEN,-1,-1,-1,-1,ON,1413,667,980,666,ON,1487,660,1058,661,ON,1559,654,1135,654,ON,1391,719,969,717,OFF,1462,712,1047,715,OFF,1535,709,1121,710,ON,1368,770,960,769,OFF,1441,764,1034,765,OFF,1511,760,1107,760,DOWN,1330,892,949,890,OFF,1345,846,955,847,DOWN,1486,876,1111,878,OFF,1503,835,1121,835,ON,1462,914,1096,916,DOWN,-1,-1,1268,866,OFF,-1,-1,1279,823
Lab2,CVKF.tif,UP,1349,450,910,449,UP,1452,429,974,426,ON,-1,-1,959,441,CENTER,1313,684,913,674,OFF,1321,607,921,605,HIDDEN,-1,-1,-1,-1,OFF,1008,653,580,648,ON,1080,645,654,640,ON,1148,634,729,629,OFF,990,707,574,700,ON,1063,695,649,694,ON,1128,685,720,683,ON,974,758,567,754,OFF,1041,746,643,742,OFF,1110,736,712,735,UP,950,879,574,875,ON,960,835,574,830,CENTER,1096,851,729,848,OFF,1111,808,734,808,OFF,1078,890,720,887,UP,1238,829,879,825,ON,1253,784,889,781
Lab3,VNPG.tif,UP,1452,211,1069,208,UP,1433,89,1032,87,ON,1506,205,1121,202,CENTER,1513,476,1128,473,OFF,1514,407,1132,404,OFF,1519,542,1138,542,OFF,1192,422,832,420,OFF,1255,419,892,417,ON,1322,415,952,414,HIDDEN,-1,-1,-1,-1,ON,1257,487,894,484,ON,1325,485,956,482,HIDDEN,-1,-1,-1,-1,OFF,1261,553,899,551,ON,1327,551,959,550,DOWN,1214,731,859,727,OFF,1213,670,856,667,DOWN,1373,729,1005,728,OFF,1370,669,1001,666,ON,1376,796,1008,796,DOWN,1539,731,1158,735,OFF,1540,668,1158,667
Lab,YAAW.tif,HIDDEN,-1,-1,-1,-1,DOWN,1487,1182,805,1202,OFF,1532,1051,873,1073,CENTER,1464,1409,875,1426,OFF,1470,1299,869,1322,HIDDEN,-1,-1,-1,-1,OFF,948,1380,312,1398,OFF,1063,1363,437,1385,OFF,1179,1343,556,1367,OFF,941,1456,328,1478,OFF,1057,1440,447,1459,OFF,1167,1425,564,1445,OFF,939,1535,340,1554,OFF,1049,1516,460,1535,OFF,1158,1498,575,1517,DOWN,950,1706,398,1729,OFF,950,1640,386,1663,CENTER,1187,1661,651,1684,OFF,1196,1601,643,1620,OFF,1173,1715,-1,-1,DOWN,1415,1620,891,1644,OFF,1427,1556,891,1581
Sim,CRSP.jpg,HIDDEN,-1,-1,-1,-1,DOWN,1102,501,838,500,ON,1134,423,878,425,CENTER,1118,659,892,660,OFF,1112,601,883,599,OFF,1102,701,887,700,OFF,823,630,589,631,ON,885,623,653,623,OFF,950,617,717,616,OFF,828,685,601,684,OFF,888,677,664,678,OFF,949,670,725,671,OFF,831,735,612,737,OFF,890,727,672,728,OFF,949,720,732,721,UP,849,857,647,857,ON,846,815,639,816,UP,976,840,777,841,ON,979,798,773,799,OFF,974,876,781,878,UP,1102,824,904,824,ON,1105,782,904,783
Lab,AHJH.tif,HIDDEN,-1,-1,-1,-1,DOWN,1487,1182,805,1202,ON,1532,1051,873,1073,CENTER,1464,1409,875,1426,OFF,1470,1299,869,1322,HIDDEN,-1,-1,-1,-1,ON,948,1380,312,1398,ON,1063,1363,437,1385,ON,1179,1343,556,1367,ON,941,1456,328,1478,ON,1057,1440,447,1459,OFF,1167,1425,564,1445,OFF,939,1535,340,1554,OFF,1049,1516,460,1535,OFF,1158,1498,575,1517,UP,950,1706,398,1729,ON,950,1640,386,1663,CENTER,1187,1661,651,1684,OFF,1196,1601,643,1620,OFF,1173,1715,-1,-1,DOWN,1415,1620,891,1644,OFF,1427,1556,891,1581
Lab2,PNSL.tif,UP,1349,450,910,449,UP,1452,429,974,426,ON,-1,-1,959,441,CENTER,1313,684,913,674,OFF,1321,607,921,605,HIDDEN,-1,-1,-1,-1,OFF,1008,653,580,648,ON,1080,645,654,640,ON,1148,634,729,629,ON,990,707,574,700,OFF,1063,695,649,694,ON,1128,685,720,683,ON,974,758,567,754,OFF,1041,746,643,742,ON,1110,736,712,735,DOWN,950,879,574,875,OFF,960,835,574,830,CENTER,1096,851,729,848,OFF,1111,808,734,808,OFF,1078,890,720,887,DOWN,1238,829,879,825,OFF,1253,784,889,781
Lab2,TOGU.tif,HIDDEN,-1,-1,-1,-1,DOWN,1372,520,928,518,ON,-1,-1,959,441,CENTER,1313,684,913,674,OFF,1321,607,921,605,HIDDEN,-1,-1,-1,-1,ON,1008,653,580,648,OFF,1080,645,654,640,ON,1148,634,729,629,ON,990,707,574,700,ON,1063,695,649,694,OFF,1128,685,720,683,ON,974,758,567,754,ON,1041,746,643,742,ON,1110,736,712,735,UP,950,879,574,875,ON,960,835,574,830,UP,1096,851,729,848,ON,1111,808,734,808,OFF,1078,890,720,887,DOWN,1238,829,879,825,OFF,1253,784,889,781
Lab2,MDSJ.tif,HIDDEN,-1,-1,-1,-1,DOWN,1372,520,928,518,ON,-1,-1,959,441,CENTER,1313,684,913,674,OFF,1321,607,921,605,HIDDEN,-1,-1,-1,-1,ON,1008,653,580,648,OFF,1080,645,654,640,OFF,1148,634,729,629,ON,990,707,574,700,ON,1063,695,649,694,ON,1128,685,720,683,ON,974,758,567,754,ON,1041,746,643,742,OFF,1110,736,712,735,DOWN,950,879,574,875,OFF,960,835,574,830,CENTER,1096,851,729,848,OFF,1111,808,734,808,OFF,1078,890,720,887,DOWN,1238,829,879,825,OFF,1253,784,889,781
Lab,ZDSG.tif,HIDDEN,-1,-1,-1,-1,DOWN,1144,1093,540,1116,ON,1253,998,651,1019,CENTER,1291,1330,745,1352,OFF,1293,1233,737,1254,HIDDEN,-1,-1,-1,-1,ON,857,1161,344,1184,OFF,943,1177,423,1202,OFF,1034,1190,503,1211,ON,879,1231,379,1254,OFF,966,1246,456,1270,OFF,1051,1262,536,1287,OFF,900,1301,414,1320,ON,987,1316,488,1336,OFF,1070,1332,564,1352,DOWN,966,1467,503,1488,OFF,952,1409,484,1429,CENTER,1160,1506,684,1529,OFF,1150,1448,661,1470,OFF,1177,1562,710,1583,DOWN,1365,1554,869,1575,OFF,1359,1492,850,1513
Lab,BQJW.tif,HIDDEN,-1,-1,-1,-1,DOWN,1144,1093,540,1116,ON,1253,998,651,1019,CENTER,1291,1330,745,1352,OFF,1293,1233,737,1254,HIDDEN,-1,-1,-1,-1,ON,857,1161,344,1184,ON,943,1177,423,1202,ON,1034,1190,503,1211,ON,879,1231,379,1254,ON,966,1246,456,1270,ON,1051,1262,536,1287,ON,900,1301,414,1320,ON,987,1316,488,1336,ON,1070,1332,564,1352,DOWN,966,1467,503,1488,OFF,952,1409,484,1429,CENTER,1160,1506,684,1529,OFF,1150,1448,661,1470,OFF,1177,1562,710,1583,DOWN,1365,1554,869,1575,OFF,1359,1492,850,1513
ISS,QKNK.tif,HIDDEN,-1,-1,-1,-1,DOWN,1185,1054,557,1091,OFF,1292,964,667,1002,CENTER,1327,1299,753,1330,OFF,1327,1196,747,1233,HIDDEN,-1,-1,-1,-1,OFF,893,1120,359,1159,OFF,980,1137,433,1173,OFF,1068,1153,514,1190,OFF,914,1190,390,1229,OFF,996,1209,466,1244,OFF,1089,1227,543,1260,OFF,935,1262,425,1297,OFF,1019,1278,497,1314,OFF,1103,1297,574,1328,DOWN,998,1433,512,1469,OFF,984,1371,489,1403,CENTER,1188,1472,687,1510,OFF,1179,1412,667,1446,OFF,1204,1525,714,1558,UP,1393,1519,873,1556,OFF,1387,1453,857,1487
Sim,KJDJ.jpg,UP,672,537,275,536,UP,599,527,70,523,ON,746,532,343,532,UP,775,808,463,808,ON,768,740,447,739,HIDDEN,-1,-1,-1,-1,ON,376,730,64,729,ON,458,731,145,732,OFF,541,732,224,733,ON,407,782,116,783,ON,482,785,190,784,ON,561,787,264,785,OFF,435,831,160,829,OFF,504,832,230,832,ON,577,835,299,834,UP,499,937,264,938,ON,483,902,235,902,UP,651,943,411,944,ON,643,908,389,907,OFF,662,971,433,971,UP,807,950,561,950,ON,806,913,548,912
Lab3,ESNW.tif,UP,681,481,319,477,UP,738,368,363,365,ON,717,487,360,484,UP,727,738,363,735,ON,715,676,352,672,OFF,715,805,349,798,OFF,430,652,32,644,OFF,497,657,107,651,OFF,560,660,179,655,OFF,428,729,29,720,OFF,495,732,103,724,OFF,558,735,175,728,OFF,426,803,24,795,ON,493,805,101,798,OFF,558,804,173,799,DOWN,433,1004,29,997,OFF,433,932,29,925,CENTER,587,1000,202,989,OFF,588,931,203,923,OFF,587,1070,199,1062,DOWN,727,992,359,984,OFF,727,927,361,919
Sim,UMDS.jpg,HIDDEN,-1,-1,-1,-1,DOWN,722,735,510,734,ON,744,660,539,660,DOWN,772,818,592,818,OFF,762,773,577,772,ON,772,838,599,838,OFF,520,844,321,846,ON,575,827,378,828,OFF,628,812,435,812,OFF,534,880,343,879,OFF,587,863,398,863,OFF,638,847,452,847,OFF,548,911,363,912,OFF,598,894,415,895,OFF,648,879,467,879,DOWN,587,987,419,986,OFF,577,959,404,960,CENTER,694,950,531,951,OFF,687,922,519,923,OFF,-1,-1,542,972,UP,795,915,636,915,ON,790,887,627,888
Lab3,WYOF.tif,UP,525,258,180,253,UP,584,146,232,143,ON,558,267,220,261,CENTER,554,501,210,492,OFF,548,442,204,437,OFF,538,564,194,555,ON,282,383,-1,-1,OFF,343,396,-1,-1,OFF,403,408,38,401,OFF,275,453,-1,-1,ON,338,465,-1,-1,OFF,397,474,32,467,OFF,270,523,-1,-1,OFF,332,534,-1,-1,ON,393,542,25,536,DOWN,265,715,-1,-1,OFF,269,651,-1,-1,CENTER,410,729,45,723,OFF,415,665,49,656,OFF,408,796,38,785,UP,543,742,197,733,ON,545,680,199,672
Lab3,CVIV.tif,DOWN,1003,872,796,869,UP,1007,820,795,816,OFF,1029,873,823,871,CENTER,1028,1017,821,1014,OFF,1028,981,821,977,OFF,1027,1053,820,1050,OFF,852,977,645,971,OFF,890,976,683,973,OFF,927,976,721,972,OFF,852,1014,645,1008,OFF,890,1014,683,1011,OFF,928,1015,721,1011,OFF,851,1052,644,1046,OFF,889,1053,681,1047,OFF,927,1054,718,1049,DOWN,856,1155,648,1150,OFF,857,1119,650,1113,CENTER,947,1158,738,1151,OFF,946,1120,739,1116,OFF,944,1192,737,1187,DOWN,1037,1159,826,1153,OFF,1036,1120,828,1117
Lab,TPMO.tif,UP,1454,1068,789,1093,UP,1563,1045,819,1067,ON,1532,1051,873,1073,CENTER,1464,1409,875,1426,OFF,1470,1299,869,1322,HIDDEN,-1,-1,-1,-1,OFF,948,1380,312,1398,OFF,1063,1363,437,1385,OFF,1179,1343,556,1367,OFF,941,1456,328,1478,OFF,1057,1440,447,1459,OFF,1167,1425,564,1445,OFF,939,1535,340,1554,OFF,1049,1516,460,1535,OFF,1158,1498,575,1517,DOWN,950,1706,398,1729,OFF,950,1640,386,1663,CENTER,1187,1661,651,1684,OFF,1196,1601,643,1620,OFF,1173,1715,-1,-1,DOWN,1415,1620,891,1644,OFF,1427,1556,891,1581
Lab3,JLJQ.tif,UP,932,405,527,399,UP,1013,286,593,283,ON,961,403,565,399,CENTER,989,681,592,677,OFF,966,612,573,609,OFF,969,748,580,746,OFF,725,642,276,637,OFF,783,636,347,629,OFF,837,626,413,621,OFF,728,725,279,717,OFF,785,716,352,710,ON,840,704,416,699,OFF,731,807,285,801,OFF,788,796,353,789,ON,843,781,421,778,DOWN,749,1022,309,1012,OFF,744,944,304,935,CENTER,877,978,464,973,OFF,873,907,459,900,OFF,877,1048,469,1040,DOWN,987,939,601,930,OFF,984,874,598,868
Lab3,AWZM.tif,UP,792,649,469,644,UP,828,543,499,542,ON,822,649,504,646,CENTER,859,871,527,866,OFF,840,819,515,811,OFF,851,933,522,925,OFF,592,819,243,811,OFF,650,819,305,811,OFF,704,818,364,812,OFF,598,885,244,876,OFF,655,882,307,876,OFF,710,881,366,873,OFF,604,952,246,944,OFF,660,947,309,938,OFF,715,943,371,936,DOWN,626,1131,263,1124,OFF,621,1069,258,1060,CENTER,759,1114,410,1106,OFF,753,1054,408,1045,OFF,766,1177,414,1169,DOWN,882,1099,547,1092,OFF,876,1042,542,1035
Lab,RAHQ.tif,HIDDEN,-1,-1,-1,-1,DOWN,1144,1093,540,1116,OFF,1253,998,651,1019,CENTER,1291,1330,745,1352,OFF,1293,1233,737,1254,HIDDEN,-1,-1,-1,-1,OFF,857,1161,344,1184,OFF,943,1177,423,1202,OFF,1034,1190,503,1211,OFF,879,1231,379,1254,OFF,966,1246,456,1270,OFF,1051,1262,536,1287,OFF,900,1301,414,1320,OFF,987,1316,488,1336,OFF,1070,1332,564,1352,DOWN,966,1467,503,1488,OFF,952,1409,484,1429,CENTER,1160,1506,684,1529,OFF,1150,1448,661,1470,OFF,1177,1562,710,1583,DOWN,1365,1554,869,1575,OFF,1359,1492,850,1513
Lab,SYDY.tif,HIDDEN,-1,-1,-1,-1,DOWN,1144,1093,540,1116,ON,1253,998,651,1019,CENTER,1291,1330,745,1352,OFF,1293,1233,737,1254,HIDDEN,-1,-1,-1,-1,OFF,857,1161,344,1184,ON,943,1177,423,1202,OFF,1034,1190,503,1211,ON,879,1231,379,1254,OFF,966,1246,456,1270,ON,1051,1262,536,1287,OFF,900,1301,414,1320,ON,987,1316,488,1336,OFF,1070,1332,564,1352,DOWN,966,1467,503,1488,OFF,952,1409,484,1429,CENTER,1160,1506,684,1529,OFF,1150,1448,661,1470,OFF,1177,1562,710,1583,DOWN,1365,1554,869,1575,OFF,1359,1492,850,1513
Lab2,MPUI.tif,UP,-1,-1,1197,484,UP,-1,-1,1274,465,ON,-1,-1,1250,477,CENTER,1587,710,1188,715,OFF,1598,643,1196,643,HIDDEN,-1,-1,-1,-1,ON,1278,673,849,670,ON,1351,668,927,665,ON,1423,659,1001,657,ON,1258,726,840,724,OFF,1329,721,917,720,OFF,1401,714,990,713,ON,1240,777,833,776,OFF,1309,771,906,768,OFF,1376,764,978,763,DOWN,1206,899,827,895,OFF,1219,854,832,854,DOWN,1356,880,987,879,OFF,1374,836,995,838,ON,1336,918,976,918,DOWN,1501,860,1139,862,OFF,1522,820,1151,821
Lab3,JMOA.tif,UP,1145,135,834,130,UP,1196,32,876,30,ON,1171,135,863,133,CENTER,1202,347,893,342,OFF,1184,296,877,293,OFF,1191,405,884,401,OFF,982,290,649,288,OFF,1029,291,701,288,OFF,1074,291,753,288,OFF,987,353,653,349,OFF,1033,352,706,350,OFF,1079,351,756,347,ON,991,414,658,411,ON,1038,413,711,410,ON,1082,412,761,408,DOWN,1011,578,681,572,OFF,1006,519,673,517,CENTER,1117,568,799,564,OFF,1112,511,793,509,OFF,1119,624,801,620,DOWN,1212,556,907,554,OFF,1208,504,904,501
Lab3,LUKC.tif,UP,878,240,541,236,UP,933,128,584,125,ON,904,242,571,241,CENTER,948,468,609,466,OFF,926,415,591,412,OFF,940,532,604,529,OFF,711,405,339,403,OFF,762,407,396,405,OFF,809,407,454,405,ON,720,475,344,471,OFF,771,475,403,470,ON,817,474,459,471,OFF,727,546,352,539,OFF,778,540,410,538,OFF,826,540,467,536,DOWN,757,729,380,724,OFF,748,664,371,657,CENTER,872,716,515,713,OFF,863,651,506,648,OFF,878,776,522,771,UP,974,699,634,694,ON,965,642,628,638
Lab2,VQBG.tif,UP,1349,450,910,449,UP,1452,429,974,426,ON,-1,-1,959,441,CENTER,1313,684,913,674,OFF,1321,607,921,605,HIDDEN,-1,-1,-1,-1,ON,1008,653,580,648,ON,1080,645,654,640,ON,1148,634,729,629,ON,990,707,574,700,OFF,1063,695,649,694,ON,1128,685,720,683,ON,974,758,567,754,ON,1041,746,643,742,ON,1110,736,712,735,DOWN,950,879,574,875,OFF,960,835,574,830,CENTER,1096,851,729,848,OFF,1111,808,734,808,OFF,1078,890,720,887,UP,1238,829,879,825,ON,1253,784,889,781
Lab,QVCY.tif,UP,1189,994,591,1021,UP,1088,965,437,989,ON,1253,998,651,1019,CENTER,1291,1330,745,1352,OFF,1293,1233,737,1254,HIDDEN,-1,-1,-1,-1,ON,857,1161,344,1184,OFF,943,1177,423,1202,OFF,1034,1190,503,1211,OFF,879,1231,379,1254,OFF,966,1246,456,1270,OFF,1051,1262,536,1287,OFF,900,1301,414,1320,OFF,987,1316,488,1336,OFF,1070,1332,564,1352,DOWN,966,1467,503,1488,OFF,952,1409,484,1429,CENTER,1160,1506,684,1529,OFF,1150,1448,661,1470,OFF,1177,1562,710,1583,DOWN,1365,1554,869,1575,OFF,1359,1492,850,1513
Lab2,RFAY.tif,HIDDEN,-1,-1,-1,-1,DOWN,1372,520,928,518,ON,-1,-1,959,441,CENTER,1313,684,913,674,OFF,1321,607,921,605,HIDDEN,-1,-1,-1,-1,ON,1008,653,580,648,OFF,1080,645,654,640,ON,1148,634,729,629,ON,990,707,574,700,ON,1063,695,649,694,ON,1128,685,720,683,OFF,974,758,567,754,ON,1041,746,643,742,OFF,1110,736,712,735,UP,950,879,574,875,ON,960,835,574,830,DOWN,1096,851,729,848,OFF,1111,808,734,808,ON,1078,890,720,887,DOWN,1238,829,879,825,OFF,1253,784,889,781
ISS,CIZA.tif,UP,1216,962,596,998,UP,1130,925,454,960,ON,1292,964,667,1002,CENTER,1327,1299,753,1330,OFF,1327,1196,747,1233,HIDDEN,-1,-1,-1,-1,OFF,893,1120,359,1159,OFF,980,1137,433,1173,OFF,1068,1153,514,1190,OFF,914,1190,390,1229,OFF,996,1209,466,1244,HIDDEN,-1,-1,-1,-1,OFF,935,1262,-1,-1,HIDDEN,-1,-1,-1,-1,OFF,1103,1297,574,1328,DOWN,-1,-1,512,1469,OFF,-1,-1,489,1403,CENTER,1188,1472,687,1510,OFF,1179,1412,667,1446,OFF,1204,1525,714,1558,UP,1393,1519,873,1556,ON,1387,1453,857,1487
Lab3,YOLS.tif,UP,1375,347,1068,345,UP,1433,246,1117,246,ON,1397,353,1095,352,UP,1437,558,1127,554,ON,1415,509,1108,509,OFF,1425,615,1116,615,OFF,1233,484,898,482,OFF,1273,490,946,487,ON,1314,493,991,494,OFF,1236,543,900,542,ON,1280,548,949,546,OFF,1322,552,996,550,OFF,1242,606,906,604,OFF,1285,608,955,606,OFF,1327,610,999,609,DOWN,1266,771,921,771,OFF,1257,713,917,711,CENTER,1362,770,1035,771,OFF,1356,716,1030,715,OFF,1366,830,1038,829,DOWN,1452,771,1138,771,OFF,1444,715,1133,716
Lab,MCHO.tif,HIDDEN,-1,-1,-1,-1,DOWN,1487,1182,805,1202,ON,1532,1051,873,1073,CENTER,1464,1409,875,1426,OFF,1470,1299,869,1322,HIDDEN,-1,-1,-1,-1,ON,948,1380,312,1398,ON,1063,1363,437,1385,ON,1179,1343,556,1367,ON,941,1456,328,1478,ON,1057,1440,447,1459,ON,1167,1425,564,1445,OFF,939,1535,340,1554,OFF,1049,1516,460,1535,OFF,1158,1498,575,1517,UP,950,1706,398,1729,ON,950,1640,386,1663,UP,1187,1661,651,1684,ON,1196,1601,643,1620,OFF,1173,1715,-1,-1,DOWN,1415,1620,891,1644,OFF,1427,1556,891,1581
Lab,DRII.tif,UP,1189,994,591,1021,UP,1088,965,437,989,ON,1253,998,651,1019,CENTER,1291,1330,745,1352,OFF,1293,1233,737,1254,HIDDEN,-1,-1,-1,-1,OFF,857,1161,344,1184,OFF,943,1177,423,1202,OFF,1034,1190,503,1211,OFF,879,1231,379,1254,OFF,966,1246,456,1270,OFF,1051,1262,536,1287,OFF,900,1301,414,1320,OFF,987,1316,488,1336,OFF,1070,1332,564,1352,DOWN,966,1467,503,1488,OFF,952,1409,484,1429,CENTER,1160,1506,684,1529,OFF,1150,1448,661,1470,OFF,1177,1562,710,1583,UP,1365,1554,869,1575,ON,1359,1492,850,1513
Lab,HVCP.tif,UP,1189,994,591,1021,UP,1088,965,437,989,ON,1253,998,651,1019,CENTER,1291,1330,745,1352,OFF,1293,1233,737,1254,HIDDEN,-1,-1,-1,-1,OFF,857,1161,344,1184,OFF,943,1177,423,1202,OFF,1034,1190,503,1211,OFF,879,1231,379,1254,OFF,966,1246,456,1270,OFF,1051,1262,536,1287,OFF,900,1301,414,1320,OFF,987,1316,488,1336,OFF,1070,1332,564,1352,DOWN,966,1467,503,1488,OFF,952,1409,484,1429,UP,1160,1506,684,1529,ON,1150,1448,661,1470,OFF,1177,1562,710,1583,UP,1365,1554,869,1575,ON,1359,1492,850,1513
Sim,ELPF.jpg,HIDDEN,-1,-1,-1,-1,DOWN,1102,511,930,510,ON,1145,467,972,465,CENTER,1097,617,944,616,OFF,1106,578,950,578,OFF,1085,642,938,642,ON,906,548,754,548,ON,949,553,795,554,ON,991,559,837,560,ON,901,582,753,583,ON,943,587,793,589,OFF,983,593,833,594,ON,895,617,751,616,OFF,935,623,789,622,ON,976,628,829,627,DOWN,888,698,754,698,OFF,894,671,757,671,UP,977,713,840,712,ON,984,686,844,685,OFF,971,737,838,738,DOWN,1068,726,930,726,OFF,1077,698,935,699
Sim,GFRA.jpg,UP,628,619,383,620,UP,556,612,268,611,ON,670,626,419,626,DOWN,686,824,471,826,OFF,689,764,469,765,ON,700,842,494,841,OFF,455,706,254,705,OFF,502,716,297,716,ON,550,729,341,727,OFF,470,746,275,745,OFF,514,757,318,756,OFF,560,769,359,768,ON,483,782,294,782,ON,526,793,335,793,OFF,570,807,376,805,DOWN,517,874,344,874,OFF,509,843,332,844,CENTER,615,905,437,905,OFF,610,872,426,873,OFF,622,932,449,932,UP,721,938,536,938,ON,718,907,527,907
Lab,PHPH.tif,HIDDEN,-1,-1,-1,-1,DOWN,1144,1093,540,1116,ON,1253,998,651,1019,CENTER,1291,1330,745,1352,OFF,1293,1233,737,1254,HIDDEN,-1,-1,-1,-1,ON,857,1161,344,1184,ON,943,1177,423,1202,ON,1034,1190,503,1211,ON,879,1231,379,1254,ON,966,1246,456,1270,ON,1051,1262,536,1287,OFF,900,1301,414,1320,ON,987,1316,488,1336,ON,1070,1332,564,1352,DOWN,966,1467,503,1488,OFF,952,1409,484,1429,CENTER,1160,1506,684,1529,OFF,1150,1448,661,1470,OFF,1177,1562,710,1583,DOWN,1365,1554,869,1575,OFF,1359,1492,850,1513
Lab,HXKW.tif,HIDDEN,-1,-1,-1,-1,DOWN,1487,1182,805,1202,ON,1532,1051,873,1073,CENTER,1464,1409,875,1426,OFF,1470,1299,869,1322,HIDDEN,-1,-1,-1,-1,ON,948,1380,312,1398,ON,1063,1363,437,1385,ON,1179,1343,556,1367,ON,941,1456,328,1478,ON,1057,1440,447,1459,ON,1167,1425,564,1445,ON,939,1535,340,1554,ON,1049,1516,460,1535,OFF,1158,1498,575,1517,UP,950,1706,398,1729,ON,950,1640,386,1663,UP,1187,1661,651,1684,ON,1196,1601,643,1620,OFF,1173,1715,-1,-1,DOWN,1415,1620,891,1644,OFF,1427,1556,891,1581
Lab2,VXVC.tif,UP,1349,450,910,449,UP,1452,429,974,426,ON,-1,-1,959,441,CENTER,1313,684,913,674,OFF,1321,607,921,605,HIDDEN,-1,-1,-1,-1,ON,1008,653,580,648,OFF,1080,645,654,640,ON,1148,634,729,629,ON,990,707,574,700,OFF,1063,695,649,694,ON,1128,685,720,683,ON,974,758,567,754,OFF,1041,746,643,742,ON,1110,736,712,735,UP,950,879,574,875,ON,960,835,574,830,DOWN,1096,851,729,848,OFF,1111,808,734,808,ON,1078,890,720,887,UP,1238,829,879,825,ON,1253,784,889,781
Lab3,URDX.tif,UP,1197,434,789,433,UP,1229,339,793,334,ON,1247,435,842,433,CENTER,1239,713,837,712,OFF,1235,641,839,640,OFF,1227,774,835,771,ON,893,637,492,634,ON,966,638,564,635,ON,1041,638,639,634,OFF,893,709,492,704,OFF,966,709,566,705,ON,1037,709,639,705,NULL,889,780,494,774,NULL,962,779,569,774,OFF,1035,780,642,774,DOWN,899,958,513,951,OFF,900,898,513,890,CENTER,1066,957,682,955,OFF,1069,894,681,890,OFF,1062,1019,683,1014,DOWN,1230,954,848,956,OFF,1234,896,849,893
Sim,TGEU.jpg,HIDDEN,-1,-1,-1,-1,UP,913,670,638,670,ON,945,656,710,655,UP,937,821,736,822,ON,935,776,729,777,HIDDEN,-1,-1,-1,-1,OFF,672,792,465,793,ON,728,787,521,788,ON,784,784,578,783,ON,679,827,482,827,ON,734,823,534,823,OFF,788,820,589,819,OFF,687,859,495,860,OFF,739,857,548,856,ON,792,853,600,852,DOWN,711,938,538,938,OFF,706,909,528,911,UP,824,930,650,930,ON,823,903,644,902,OFF,-1,-1,658,951,UP,937,922,764,923,ON,938,894,759,895
Lab,BRYB.tif,HIDDEN,-1,-1,-1,-1,DOWN,1144,1093,540,1116,ON,1253,998,651,1019,CENTER,1291,1330,745,1352,OFF,1293,1233,737,1254,HIDDEN,-1,-1,-1,-1,ON,857,1161,344,1184,ON,943,1177,423,1202,ON,1034,1190,503,1211,ON,879,1231,379,1254,OFF,966,1246,456,1270,OFF,1051,1262,536,1287,OFF,900,1301,414,1320,ON,987,1316,488,1336,ON,1070,1332,564,1352,DOWN,966,1467,503,1488,OFF,952,1409,484,1429,CENTER,1160,1506,684,1529,OFF,1150,1448,661,1470,OFF,1177,1562,710,1583,DOWN,1365,1554,869,1575,OFF,1359,1492,850,1513
Lab2,JBYK.tif,UP,1349,450,910,449,UP,1452,429,974,426,ON,-1,-1,959,441,CENTER,1313,684,913,674,OFF,1321,607,921,605,HIDDEN,-1,-1,-1,-1,OFF,1008,653,580,648,ON,1080,645,654,640,ON,1148,634,729,629,OFF,990,707,574,700,ON,1063,695,649,694,ON,1128,685,720,683,ON,974,758,567,754,ON,1041,746,643,742,OFF,1110,736,712,735,UP,950,879,574,875,ON,960,835,574,830,UP,1096,851,729,848,ON,1111,808,734,808,OFF,1078,890,720,887,UP,1238,829,879,825,ON,1253,784,889,781
Lab2,GXZN.tif,HIDDEN,-1,-1,-1,-1,DOWN,1372,520,928,518,ON,-1,-1,959,441,CENTER,1313,684,913,674,OFF,1321,607,921,605,HIDDEN,-1,-1,-1,-1,ON,1008,653,580,648,ON,1080,645,654,640,OFF,1148,634,729,629,OFF,990,707,574,700,ON,1063,695,649,694,ON,1128,685,720,683,ON,974,758,567,754,ON,1041,746,643,742,ON,1110,736,712,735,DOWN,950,879,574,875,OFF,960,835,574,830,CENTER,1096,851,729,848,OFF,1111,808,734,808,OFF,1078,890,720,887,DOWN,1238,829,879,825,OFF,1253,784,889,781
Lab,BJQW.tif,HIDDEN,-1,-1,-1,-1,DOWN,1144,1093,540,1116,ON,1253,998,651,1019,CENTER,1291,1330,745,1352,OFF,1293,1233,737,1254,HIDDEN,-1,-1,-1,-1,OFF,857,1161,344,1184,ON,943,1177,423,1202,ON,1034,1190,503,1211,OFF,879,1231,379,1254,OFF,966,1246,456,1270,ON,1051,1262,536,1287,OFF,900,1301,414,1320,OFF,987,1316,488,1336,OFF,1070,1332,564,1352,DOWN,966,1467,503,1488,OFF,952,1409,484,1429,CENTER,1160,1506,684,1529,OFF,1150,1448,661,1470,OFF,1177,1562,710,1583,DOWN,1365,1554,869,1575,OFF,1359,1492,850,1513
Lab2,UZAV.tif,UP,1349,450,910,449,UP,1452,429,974,426,ON,-1,-1,959,441,CENTER,1313,684,913,674,OFF,1321,607,921,605,HIDDEN,-1,-1,-1,-1,ON,1008,653,580,648,OFF,1080,645,654,640,ON,1148,634,729,629,ON,990,707,574,700,ON,1063,695,649,694,ON,1128,685,720,683,ON,974,758,567,754,ON,1041,746,643,742,ON,1110,736,712,735,UP,950,879,574,875,ON,960,835,574,830,UP,1096,851,729,848,ON,1111,808,734,808,OFF,1078,890,720,887,DOWN,1238,829,879,825,OFF,1253,784,889,781
Lab3,TTUB.tif,UP,1134,16,855,15,UP,-1,-1,-1,-1,ON,1156,26,879,25,CENTER,1186,205,905,205,OFF,1168,163,890,165,OFF,1178,261,896,261,OFF,987,124,686,121,OFF,1029,134,733,132,OFF,1069,141,777,138,OFF,993,178,689,177,OFF,1034,186,734,185,OFF,1074,194,781,192,ON,996,233,690,230,ON,1038,238,738,235,ON,1078,246,783,244,DOWN,1015,380,706,378,OFF,1008,329,703,327,CENTER,1110,391,814,393,OFF,1106,342,810,339,OFF,1115,445,818,442,DOWN,1200,398,915,400,OFF,1195,353,912,350
Lab3,EOXV.tif,UP,400,467,93,462,UP,484,391,173,386,ON,417,475,115,469,CENTER,399,690,90,684,OFF,389,635,81,626,OFF,371,741,62,733,OFF,240,587,-1,-1,OFF,276,598,-1,-1,OFF,309,607,-1,-1,OFF,226,651,-1,-1,OFF,264,662,-1,-1,OFF,299,669,-1,-1,ON,216,716,-1,-1,ON,254,724,-1,-1,ON,290,731,-1,-1,DOWN,191,893,-1,-1,OFF,201,831,-1,-1,CENTER,277,897,-1,-1,OFF,286,840,-1,-1,OFF,265,954,-1,-1,DOWN,354,900,42,889,OFF,360,844,52,834
Lab3,AIFS.tif,UP,1483,484,1111,479,UP,1497,366,1108,364,ON,1534,481,1161,481,DOWN,1540,745,1161,748,OFF,1537,677,1163,677,ON,1537,809,1162,811,ON,1205,674,838,672,OFF,1277,674,906,673,OFF,1346,674,976,672,OFF,1205,743,838,740,ON,1275,742,906,740,OFF,1346,742,973,743,ON,1206,810,837,808,ON,1277,812,906,810,OFF,1347,812,974,810,DOWN,1218,988,848,988,OFF,1219,930,850,928,CENTER,1389,999,1012,1000,OFF,1385,933,1013,932,OFF,1386,1065,1012,1062,DOWN,1557,998,1178,997,OFF,1557,937,1178,936
Lab2,BFKF.tif,UP,1349,450,910,449,UP,1452,429,974,426,ON,-1,-1,959,441,UP,1313,684,913,674,ON,1321,607,921,605,HIDDEN,-1,-1,-1,-1,ON,1008,653,580,648,OFF,1080,645,654,640,ON,1148,634,729,629,ON,990,707,574,700,OFF,1063,695,649,694,ON,1128,685,720,683,ON,974,758,567,754,OFF,1041,746,643,742,ON,1110,736,712,735,UP,950,879,574,875,ON,960,835,574,830,DOWN,1096,851,729,848,OFF,1111,808,734,808,ON,1078,890,720,887,UP,1238,829,879,825,ON,1253,784,889,781
Lab,ZUXC.tif,HIDDEN,-1,-1,-1,-1,DOWN,1487,1182,805,1202,ON,1532,1051,873,1073,CENTER,1464,1409,875,1426,OFF,1470,1299,869,1322,HIDDEN,-1,-1,-1,-1,OFF,948,1380,312,1398,ON,1063,1363,437,1385,ON,1179,1343,556,1367,ON,941,1456,328,1478,OFF,1057,1440,447,1459,ON,1167,1425,564,1445,ON,939,1535,340,1554,ON,1049,1516,460,1535,OFF,1158,1498,575,1517,UP,950,1706,398,1729,ON,950,1640,386,1663,DOWN,1187,1661,651,1684,OFF,1196,1601,643,1620,ON,1173,1715,-1,-1,DOWN,1415,1620,891,1644,OFF,1427,1556,891,1581
Lab3,GCNZ.tif,UP,1266,893,839,890,UP,1299,771,849,769,ON,1319,894,893,891,HIDDEN,-1,-1,-1,-1,OFF,1325,1125,892,1119,HIDDEN,-1,-1,-1,-1,ON,951,1117,513,1111,ON,1033,1116,592,1113,ON,1113,1117,675,1112,OFF,-1,-1,508,1190,OFF,-1,-1,589,1192,ON,-1,-1,672,1195,HIDDEN,-1,-1,-1,-1,HIDDEN,-1,-1,-1,-1,HIDDEN,-1,-1,-1,-1,HIDDEN,-1,-1,-1,-1,HIDDEN,-1,-1,-1,-1,HIDDEN,-1,-1,-1,-1,HIDDEN,-1,-1,-1,-1,HIDDEN,-1,-1,-1,-1,HIDDEN,-1,-1,-1,-1,HIDDEN,-1,-1,-1,-1
Lab,HSCA.tif,HIDDEN,-1,-1,-1,-1,DOWN,1144,1093,540,1116,ON,1253,998,651,1019,CENTER,1291,1330,745,1352,OFF,1293,1233,737,1254,HIDDEN,-1,-1,-1,-1,ON,857,1161,344,1184,OFF,943,1177,423,1202,OFF,1034,1190,503,1211,ON,879,1231,379,1254,ON,966,1246,456,1270,OFF,1051,1262,536,1287,OFF,900,1301,414,1320,OFF,987,1316,488,1336,OFF,1070,1332,564,1352,DOWN,966,1467,503,1488,OFF,952,1409,484,1429,CENTER,1160,1506,684,1529,OFF,1150,1448,661,1470,OFF,1177,1562,710,1583,DOWN,1365,1554,869,1575,OFF,1359,1492,850,1513
Lab2,PDMR.tif,UP,1349,450,910,449,UP,1452,429,974,426,ON,-1,-1,959,441,CENTER,1313,684,913,674,OFF,1321,607,921,605,HIDDEN,-1,-1,-1,-1,ON,1008,653,580,648,OFF,1080,645,654,640,ON,1148,634,729,629,OFF,990,707,574,700,ON,1063,695,649,694,OFF,1128,685,720,683,OFF,974,758,567,754,ON,1041,746,643,742,ON,1110,736,712,735,DOWN,950,879,574,875,OFF,960,835,574,830,UP,1096,851,729,848,ON,1111,808,734,808,OFF,1078,890,720,887,UP,1238,829,879,825,ON,1253,784,889,781
Lab,PMSA.tif,UP,1189,994,591,1021,UP,1088,965,437,989,ON,1253,998,651,1019,CENTER,1291,1330,745,1352,OFF,1293,1233,737,1254,HIDDEN,-1,-1,-1,-1,OFF,857,1161,344,1184,OFF,943,1177,423,1202,OFF,1034,1190,503,1211,OFF,879,1231,379,1254,OFF,966,1246,456,1270,OFF,1051,1262,536,1287,OFF,900,1301,414,1320,OFF,987,1316,488,1336,OFF,1070,1332,564,1352,UP,966,1467,503,1488,ON,952,1409,484,1429,UP,1160,1506,684,1529,ON,1150,1448,661,1470,OFF,1177,1562,710,1583,UP,1365,1554,869,1575,ON,1359,1492,850,1513
Sim,PAZC.jpg,HIDDEN,-1,-1,-1,-1,UP,1184,768,988,769,OFF,1214,768,1038,768,UP,1168,890,1008,890,OFF,1178,858,1016,857,HIDDEN,-1,-1,-1,-1,OFF,973,792,824,791,OFF,1013,805,863,804,OFF,1057,818,902,817,OFF,969,819,824,819,OFF,1008,832,861,833,OFF,1049,844,900,845,OFF,965,844,824,844,OFF,1004,857,860,857,OFF,1044,871,898,871,DOWN,961,911,828,912,OFF,965,890,829,889,CENTER,1047,944,910,945,OFF,1054,921,913,922,OFF,-1,-1,910,963,UP,1141,980,999,979,OFF,1151,957,1005,956
Sim,VLDH.jpg,HIDDEN,-1,-1,-1,-1,DOWN,796,576,603,576,ON,844,523,655,523,UP,840,695,665,694,ON,843,654,667,654,OFF,844,729,676,729,OFF,633,631,466,631,ON,676,635,508,635,OFF,720,638,549,639,OFF,637,670,476,671,ON,681,675,515,674,OFF,722,680,556,679,ON,642,709,483,709,OFF,684,713,522,713,OFF,726,718,562,717,UP,658,804,508,804,ON,656,773,503,772,UP,753,816,599,817,ON,753,784,595,784,OFF,755,847,604,846,DOWN,851,829,694,830,OFF,854,796,692,796
Lab,XIIV.tif,UP,1189,994,591,1021,UP,1088,965,437,989,ON,1253,998,651,1019,CENTER,1291,1330,745,1352,OFF,1293,1233,737,1254,HIDDEN,-1,-1,-1,-1,OFF,857,1161,344,1184,OFF,943,1177,423,1202,OFF,1034,1190,503,1211,OFF,879,1231,379,1254,OFF,966,1246,456,1270,OFF,1051,1262,536,1287,OFF,900,1301,414,1320,OFF,987,1316,488,1336,OFF,1070,1332,564,1352,DOWN,966,1467,503,1488,OFF,952,1409,484,1429,CENTER,1160,1506,684,1529,OFF,1150,1448,661,1470,OFF,1177,1562,710,1583,DOWN,1365,1554,869,1575,OFF,1359,1492,850,1513
Lab2,PMGZ.tif,HIDDEN,-1,-1,-1,-1,DOWN,1372,520,928,518,ON,-1,-1,959,441,CENTER,1313,684,913,674,OFF,1321,607,921,605,HIDDEN,-1,-1,-1,-1,ON,1008,653,580,648,ON,1080,645,654,640,OFF,1148,634,729,629,ON,990,707,574,700,ON,1063,695,649,694,ON,1128,685,720,683,ON,974,758,567,754,ON,1041,746,643,742,ON,1110,736,712,735,UP,950,879,574,875,ON,960,835,574,830,CENTER,1096,851,729,848,OFF,1111,808,734,808,OFF,1078,890,720,887,UP,1238,829,879,825,ON,1253,784,889,781
Lab,OSBD.tif,HIDDEN,-1,-1,-1,-1,DOWN,1144,1093,540,1116,ON,1253,998,651,1019,CENTER,1291,1330,745,1352,OFF,1293,1233,737,1254,HIDDEN,-1,-1,-1,-1,OFF,857,1161,344,1184,ON,943,1177,423,1202,OFF,1034,1190,503,1211,OFF,879,1231,379,1254,ON,966,1246,456,1270,ON,1051,1262,536,1287,OFF,900,1301,414,1320,OFF,987,1316,488,1336,OFF,1070,1332,564,1352,DOWN,966,1467,503,1488,OFF,952,1409,484,1429,CENTER,1160,1506,684,1529,OFF,1150,1448,661,1470,OFF,1177,1562,710,1583,DOWN,1365,1554,869,1575,OFF,1359,1492,850,1513
Lab2,AMHF.tif,UP,1366,452,927,451,UP,1467,434,994,430,ON,-1,-1,976,443,CENTER,1330,686,930,676,OFF,1338,609,938,607,HIDDEN,-1,-1,-1,-1,ON,1025,655,597,650,ON,1097,647,671,642,ON,1165,636,746,631,ON,1007,709,591,702,OFF,1080,697,666,696,OFF,1145,687,737,685,ON,991,760,584,756,OFF,1058,748,660,744,OFF,1127,738,729,737,DOWN,967,881,591,877,OFF,977,837,591,832,DOWN,1113,853,746,850,OFF,1128,810,751,810,ON,1095,892,737,889,DOWN,1255,831,896,827,OFF,1270,786,906,783
Lab2,DORQ.tif,UP,1349,450,910,449,UP,1452,429,974,426,ON,-1,-1,959,441,CENTER,1313,684,913,674,OFF,1321,607,921,605,HIDDEN,-1,-1,-1,-1,ON,1008,653,580,648,ON,1080,645,654,640,OFF,1148,634,729,629,OFF,990,707,574,700,ON,1063,695,649,694,ON,1128,685,720,683,ON,974,758,567,754,ON,1041,746,643,742,ON,1110,736,712,735,DOWN,950,879,574,875,OFF,960,835,574,830,DOWN,1096,851,729,848,OFF,1111,808,734,808,ON,1078,890,720,887,DOWN,1238,829,879,825,OFF,1253,784,889,781
